{
  "Author": "UnknownX",
  "Name": "NoClippy",
  "InternalName": "NoClippy",
  "AssemblyVersion": "0.5.0.19",
  "Description": "Reduces the effects of lag on certain aspects of the game, such as weaving and statuses. Usable as an alternative, or in addition, to XivAlexander.",
  "ApplicableVersion": "any",
  "RepoUrl": "https://github.com/UnknownX7/NoClippy",
  "CategoryTags": [
    "jobs",
    "utility"
  ],
  "DalamudApiLevel": 14,
  "LoadRequiredState": 0,
  "LoadSync": false,
  "CanUnloadAsync": false,
  "LoadPriority": 0,
  "ImageUrls": [
    ""
  ],
  "IconUrl": "",
  "Punchline": "Reduces the effects of lag on certain aspects of the game, and can show GCD clips",
  "Changelog": "Fixed for 7.3 (Thanks to Zeffuro)",
  "AcceptsFeedback": true
}