{
  "Author": "Codaaaaaa",
  "Name": "AutoPalExplorer",
  "InternalName": "AutoPalExplorer",
  "AssemblyVersion": "1.0.0.0",
  "Description": "测试",
  "ApplicableVersion": "any",
  "Tags": [
    "utility",
    "deepdungeon",
    "navigation"
  ],
  "DalamudApiLevel": 13,
  "LoadRequiredState": 0,
  "LoadSync": false,
  "CanUnloadAsync": false,
  "LoadPriority": 0,
  "IconUrl": "https://raw.githubusercontent.com/Codaaaaaa/Pal/main/AutoPalaceExplorer/logo.png",
  "Punchline": "测试",
  "AcceptsFeedback": true
}